onset	duration	trial_type	stim_id	condition	stim_file
155.37623460203557	173.0159695166038	video	10	affective	stimuli/10.mp4
510.76799787233506	103.0196837125743	video	1	affective	stimuli/1.mp4
796.1609643869746	103.00722393956255	video	11	affective	stimuli/11.mp4
1081.5437387042723	81.0360858189456	video	5	affective	stimuli/5.mp4
1351.3479877738953	60.019445530654366	video_luminance	107	luminance	stimuli/green_intensity_video_7.mp4
