onset	duration	trial_type	stim_id	condition	stim_file
45.184025558726205	61.03996351446132	video	12	affective	stimuli/12.mp4
288.47207825264996	94.0116634280231	video	3	affective	stimuli/3.mp4
564.7279030226697	229.00631054242638	video	2	affective	stimuli/2.mp4
982.4920201423135	60.011914783702196	video_luminance	112	luminance	stimuli/green_intensity_video_12.mp4
1083.8044074063632	93.00755737421423	calm	902	calm	stimuli/902.mp4
