onset	duration	trial_type	stim_id	condition	stim_file
53.120040270442686	300.0119169296311	fixation	500	baseline	stimuli/fixation_cross.mp4
378.1400415839073	104.01146636718943	calm	901	calm	stimuli/901.mp4
529.1202209795555	60.039779020444485	video	4	affective	stimuli/4.mp4
720.2803123369052	77.0114912181109	video	8	affective	stimuli/8.mp4
928.4000525173291	154.01174811875887	video	9	affective	stimuli/9.mp4
1213.5201857171285	161.0115831145722	video	7	affective	stimuli/7.mp4
1512.0555691656436	60.00420071209828	video_luminance	103	luminance	stimuli/green_intensity_video_3.mp4
