onset	duration	trial_type	stim_id	condition	stim_file
50.54004605804105	173.00791306783697	video	10	affective	stimuli/10.mp4
405.9002032059166	103.01174623893775	video	1	affective	stimuli/1.mp4
691.2600385894566	81.03174906336619	video	5	affective	stimuli/5.mp4
954.6483223921282	102.99967246610618	video	11	affective	stimuli/11.mp4
1246.4081706731445	60.01167006647256	video_luminance	107	luminance	stimuli/green_intensity_video_7.mp4
