onset	duration	trial_type	stim_id	condition	stim_file
107.60803892317779	162.02783282400907	video	6	affective	stimuli/6.mp4
401.52394407523474	216.03200503774605	video	13	affective	stimuli/13.mp4
749.4320737054729	116.03172375017596	video	14	affective	stimuli/14.mp4
1002.9842209795555	60.011593932934716	video_luminance	109	luminance	stimuli/green_intensity_video_9.mp4
